,Order ID,Order Date,CustomerName,State,City
0,B-26055,10-03-2018,Harivansh,Uttar Pradesh,Mathura
1,B-25993,03-02-2018,Madhav,Delhi,Delhi
2,B-25973,24-01-2018,Madan Mohan,Uttar Pradesh,Mathura
3,B-25923,27-12-2018,Gopal,Maharashtra,Mumbai
4,B-25757,21-08-2018,Vishakha,Madhya Pradesh,Indore
5,B-25967,21-01-2018,Sudevi,Uttar Pradesh,Prayagraj
6,B-25955,16-01-2018,Shiva,Maharashtra,Pune
7,B-26093,27-03-2018,Sarita,Maharashtra,Pune
8,B-25798,01-10-2018,Shishu,Andhra Pradesh,Hyderabad
9,B-25602,01-04-2018,Vrinda,Maharashtra,Pune
10,B-25858,13-11-2018,Uudhav,Maharashtra,Mumbai
11,B-25969,21-01-2018,Shreyshi,Gujarat,Surat
12,B-26099,30-03-2018,Bhishm,Maharashtra,Mumbai
13,B-25997,04-02-2018,Yogesh,Maharashtra,Pune
14,B-25881,25-11-2018,Lalita,Uttar Pradesh,Mathura
15,B-25761,25-08-2018,Madhav,Uttar Pradesh,Mathura
16,B-25887,01-12-2018,Vishakha,Uttar Pradesh,Prayagraj
17,B-25823,18-10-2018,Rohan,Maharashtra,Mumbai
18,B-25853,08-11-2018,Gaurav,Gujarat,Ahmedabad
19,B-25862,15-11-2018,Amol,Bihar,Patna
20,B-25830,26-10-2018,Aastha,Himachal Pradesh,Simla
21,B-25786,19-09-2018,Madan Mohan,Uttar Pradesh,Mathura
22,B-25686,11-06-2018,Pooja,Himachal Pradesh,Simla
23,B-26022,18-02-2018,Shrichand,Punjab,Chandigarh
24,B-26003,08-02-2018,Hitesh,Madhya Pradesh,Bhopal
25,B-25755,19-08-2018,Shourya,Kerala ,Thiruvananthapuram
26,B-25902,10-12-2018,Ishpreet,Maharashtra,Mumbai
27,B-25935,04-01-2018,Sudhir,Nagaland,Kohima
28,B-25797,30-09-2018,Sauptik,Madhya Pradesh,Indore
29,B-25639,27-04-2018,Lisha,Madhya Pradesh,Bhopal
30,B-25681,04-06-2018,Bhawna,Madhya Pradesh,Indore
31,B-25909,13-12-2018,Sujay,Maharashtra,Pune
32,B-25910,14-12-2018,Jay,Delhi,Delhi
33,B-25950,13-01-2018,Shruti,Madhya Pradesh,Indore
34,B-25613,12-04-2018,Mohan,Haryana,Chandigarh
35,B-25919,23-12-2018,Neha,Rajasthan,Udaipur
36,B-25768,01-09-2018,Shreyoshe,Karnataka,Bangalore
37,B-25629,24-04-2018,Hemant,Kerala ,Thiruvananthapuram
38,B-25729,22-07-2018,Madhulika,Madhya Pradesh,Bhopal
39,B-25943,09-01-2018,Shardul,Gujarat,Ahmedabad
40,B-25842,02-11-2018,Sheetal,Maharashtra,Pune
41,B-26073,21-03-2018,Pournamasi,Madhya Pradesh,Indore
42,B-25778,11-09-2018,Surabhi,Maharashtra,Mumbai
43,B-25717,12-07-2018,Manshul,Uttar Pradesh,Lucknow
44,B-26085,26-03-2018,Shrichand,Punjab,Chandigarh
45,B-26048,04-03-2018,Parth,Maharashtra,Pune
46,B-25793,24-09-2018,Siddharth,Madhya Pradesh,Indore
47,B-25656,11-05-2018,Priyanka,Maharashtra,Pune
48,B-25608,08-04-2018,Aarushi,Tamil Nadu,Chennai
49,B-25752,14-08-2018,Vaibhav,Madhya Pradesh,Indore
50,B-25779,12-09-2018,Savi,Maharashtra,Pune
51,B-25603,03-04-2018,Jahan,Madhya Pradesh,Bhopal
52,B-26051,07-03-2018,Parishi,West Bengal,Kolkata
53,B-25653,08-05-2018,Farah,Nagaland,Kohima
54,B-25855,08-11-2018,Abhijeet,Madhya Pradesh,Bhopal
55,B-25762,26-08-2018,Anudeep,Madhya Pradesh,Indore
56,B-25995,04-02-2018,Yohann,Delhi,Delhi
57,B-25929,02-01-2018,Girase,Kerala ,Thiruvananthapuram
58,B-26006,09-02-2018,Arpita,Karnataka,Bangalore
59,B-25697,22-06-2018,Vijay,Jammu and Kashmir,Kashmir
60,B-25836,29-10-2018,Arti,Maharashtra,Pune
61,B-25601,01-04-2018,Bharat,Gujarat,Ahmedabad
62,B-25873,23-11-2018,Divyeta,Madhya Pradesh,Indore
63,B-26028,20-02-2018,Manju,Andhra Pradesh,Hyderabad
64,B-25964,20-01-2018,Oshin,Maharashtra,Pune
65,B-25676,01-06-2018,Chandni,Rajasthan,Jaipur
66,B-25839,30-10-2018,Pranjali,West Bengal,Kolkata
67,B-25894,04-12-2018,Monu,Punjab,Amritsar
68,B-25925,29-12-2018,Shruti,Maharashtra,Mumbai
69,B-25953,14-01-2018,Krutika,Andhra Pradesh,Hyderabad
70,B-25772,02-09-2018,Sanjana,Bihar,Patna
71,B-25957,18-01-2018,Mahima,Madhya Pradesh,Indore
72,B-25730,22-07-2018,Rishabh,Rajasthan,Jaipur
73,B-25877,24-11-2018,Dashyam,Gujarat,Surat
74,B-26067,16-03-2018,Tulika,Madhya Pradesh,Bhopal
75,B-25810,10-10-2018,Nripraj,Punjab,Chandigarh
76,B-25868,18-11-2018,Vikash,Goa,Goa
77,B-26023,19-02-2018,Mukesh,Haryana,Chandigarh
78,B-25626,23-04-2018,Bhishm,Maharashtra,Mumbai
79,B-25937,05-01-2018,Ankit,Haryana,Chandigarh
80,B-25610,09-04-2018,Yogesh,Bihar,Patna
81,B-25777,10-09-2018,Aditi,Madhya Pradesh,Indore
82,B-25738,02-08-2018,Ayush,Punjab,Chandigarh
83,B-25978,27-01-2018,Parin,Maharashtra,Mumbai
84,B-25643,29-04-2018,Kirti,Jammu and Kashmir,Kashmir
85,B-25728,22-07-2018,Ameesha,Maharashtra,Pune
86,B-25749,13-08-2018,Ayush,Maharashtra,Mumbai
87,B-25667,23-05-2018,Anjali,Haryana,Chandigarh
88,B-25657,13-05-2018,Tulika,Madhya Pradesh,Bhopal
89,B-25753,17-08-2018,Shivam,Uttar Pradesh,Lucknow
90,B-26061,14-03-2018,Anurag,Madhya Pradesh,Indore
91,B-25838,29-10-2018,Sanjana,Madhya Pradesh,Indore
92,B-25702,27-06-2018,Shaily,Maharashtra,Mumbai
93,B-25952,13-01-2018,Priyanka,Madhya Pradesh,Indore
94,B-25666,22-05-2018,Tanvi,Punjab,Chandigarh
95,B-25675,31-05-2018,Shreya,Madhya Pradesh,Bhopal
96,B-25650,06-05-2018,Chirag,Maharashtra,Mumbai
97,B-25986,31-01-2018,Shweta,Rajasthan,Udaipur
98,B-25850,05-11-2018,Abhishek,Goa,Goa
99,B-25898,07-12-2018,Abhishek,Rajasthan,Udaipur
100,B-25813,10-10-2018,Hrisheekesh,Maharashtra,Mumbai
101,B-25825,21-10-2018,Kartik,Madhya Pradesh,Indore
102,B-25954,14-01-2018,Trupti,Gujarat,Ahmedabad
103,B-25696,21-06-2018,Noopur,Karnataka,Bangalore
104,B-25638,26-04-2018,Parth,Maharashtra,Pune
105,B-25747,11-08-2018,Harsh,Madhya Pradesh,Bhopal
106,B-25904,10-12-2018,Swapnil,Delhi,Delhi
107,B-25852,07-11-2018,Soumyabrata,Andhra Pradesh,Hyderabad
108,B-25981,28-01-2018,Amruta,Delhi,Delhi
109,B-25899,08-12-2018,Aishwarya,Uttar Pradesh,Prayagraj
110,B-25870,20-11-2018,Pranav,Andhra Pradesh,Hyderabad
111,B-26040,26-02-2018,Sahil,Punjab,Chandigarh
112,B-25671,27-05-2018,Mitali,Nagaland,Kohima
113,B-26100,31-03-2018,Hitika,Madhya Pradesh,Indore
114,B-25651,07-05-2018,Anurag,Madhya Pradesh,Indore
115,B-25968,21-01-2018,Paromita,Punjab,Amritsar
116,B-26019,15-02-2018,Jitesh,Uttar Pradesh,Lucknow
117,B-25664,20-05-2018,Pratyusmita,Bihar,Patna
118,B-26033,22-02-2018,Atharv,West Bengal,Kolkata
119,B-26052,08-03-2018,Ajay,Karnataka,Bangalore
120,B-25999,05-02-2018,Diwakar,Delhi,Delhi
121,B-25781,14-09-2018,Rutuja,Gujarat,Ahmedabad
122,B-25764,28-08-2018,Sanjova,Maharashtra,Pune
123,B-25803,05-10-2018,Shivanshu,Madhya Pradesh,Indore
124,B-25945,11-01-2018,Mhatre,Madhya Pradesh,Indore
125,B-26086,26-03-2018,Mukesh,Haryana,Chandigarh
126,B-25845,03-11-2018,Snel,Kerala ,Thiruvananthapuram
127,B-25817,13-10-2018,Praneet,Maharashtra,Mumbai
128,B-25951,13-01-2018,Jesal,West Bengal,Kolkata
129,B-25970,22-01-2018,Rhea,Maharashtra,Mumbai
130,B-25878,24-11-2018,Mrinal,Maharashtra,Mumbai
131,B-26057,10-03-2018,Sharda,Kerala ,Thiruvananthapuram
132,B-25885,28-11-2018,Shatayu,Madhya Pradesh,Indore
133,B-25897,06-12-2018,Rohan,Madhya Pradesh,Indore
134,B-25756,20-08-2018,Mohan,Maharashtra,Mumbai
135,B-25859,14-11-2018,Chikku,Madhya Pradesh,Indore
136,B-25691,16-06-2018,Akancha,Maharashtra,Mumbai
137,B-25633,26-04-2018,Amit,Sikkim,Gangtok
138,B-25708,01-07-2018,Kishwar,Madhya Pradesh,Indore
139,B-25831,27-10-2018,Mahima,Sikkim,Gangtok
140,B-25856,10-11-2018,Abhijeet,Maharashtra,Mumbai
141,B-25893,04-12-2018,Vrinda,Uttar Pradesh,Mathura
142,B-25959,18-01-2018,Muskan,Madhya Pradesh,Indore
143,B-26000,06-02-2018,Shubham,Delhi,Delhi
144,B-26097,28-03-2018,Vini,Karnataka,Bangalore
145,B-25745,09-08-2018,Kartik,Gujarat,Ahmedabad
146,B-25974,25-01-2018,Manisha,Rajasthan,Udaipur
147,B-25670,25-05-2018,Charika,Goa,Goa
148,B-25848,03-11-2018,Rohan,Himachal Pradesh,Simla
149,B-25888,02-12-2018,Rohan,Punjab,Amritsar
150,B-25942,08-01-2018,Ankur,Andhra Pradesh,Hyderabad
151,B-25847,03-11-2018,Aniket,Haryana,Chandigarh
152,B-25636,26-04-2018,Nishi,Maharashtra,Mumbai
153,B-25826,22-10-2018,Tanushree,Maharashtra,Mumbai
154,B-26081,22-03-2018,Aarushi,Tamil Nadu,Chennai
155,B-25625,23-04-2018,Pinky,Jammu and Kashmir,Kashmir
156,B-25802,05-10-2018,Yash,Maharashtra,Mumbai
157,B-25693,18-06-2018,Parna,Madhya Pradesh,Bhopal
158,B-25796,24-09-2018,Sukrith,Maharashtra,Mumbai
159,B-25806,06-10-2018,Dhanraj,Madhya Pradesh,Indore
160,B-25710,05-07-2018,Megha,Maharashtra,Pune
161,B-25669,25-05-2018,Piyali,Sikkim,Gangtok
162,B-25857,10-11-2018,Anand,Madhya Pradesh,Indore
163,B-25785,15-09-2018,Ayush,West Bengal,Kolkata
164,B-25930,03-01-2018,Monica,Punjab,Chandigarh
165,B-26053,09-03-2018,Kirti,Jammu and Kashmir,Kashmir
166,B-26070,18-03-2018,Shruti,Karnataka,Bangalore
167,B-25791,24-09-2018,Avish,Kerala ,Thiruvananthapuram
168,B-25983,30-01-2018,Atul,Delhi,Delhi
169,B-25979,27-01-2018,Shivangi,Madhya Pradesh,Indore
170,B-26054,10-03-2018,Mayank,Maharashtra,Mumbai
171,B-26078,22-03-2018,Kasheen,West Bengal,Kolkata
172,B-25787,20-09-2018,Asish,Jammu and Kashmir,Kashmir
173,B-25682,07-06-2018,Krutika,Bihar,Patna
174,B-25962,19-01-2018,Tejeswini,Maharashtra,Pune
175,B-25750,14-08-2018,Priyanshu,Madhya Pradesh,Indore
176,B-25828,24-10-2018,Nikita,Punjab,Chandigarh
177,B-25622,22-04-2018,Monisha,Rajasthan,Jaipur
178,B-25751,14-08-2018,Nishant,Maharashtra,Mumbai
179,B-25685,10-06-2018,Sheetal,Madhya Pradesh,Indore
180,B-26010,11-02-2018,Kartikay,Bihar,Patna
181,B-26035,23-02-2018,Pinky,Jammu and Kashmir,Kashmir
182,B-25698,23-06-2018,Amisha,Tamil Nadu,Chennai
183,B-25966,21-01-2018,Soumya,Rajasthan,Udaipur
184,B-25832,28-10-2018,Harshita,Maharashtra,Mumbai
185,B-25743,07-08-2018,Aman,Nagaland,Kohima
186,B-25886,28-11-2018,Brijesh,Rajasthan,Udaipur
187,B-25975,25-01-2018,Priyanka,Uttar Pradesh,Prayagraj
188,B-26098,29-03-2018,Pinky,Jammu and Kashmir,Kashmir
189,B-25614,13-04-2018,Vandana,Himachal Pradesh,Simla
190,B-25726,21-07-2018,Kiran,Maharashtra,Mumbai
191,B-26050,06-03-2018,Paridhi,Rajasthan,Jaipur
192,B-25609,09-04-2018,Jitesh,Uttar Pradesh,Lucknow
193,B-25741,03-08-2018,Navdeep,Madhya Pradesh,Indore
194,B-25956,17-01-2018,Shreya,Maharashtra,Mumbai
195,B-25689,14-06-2018,Bhaggyasree,Maharashtra,Mumbai
196,B-25939,05-01-2018,Vineet,Sikkim,Gangtok
197,B-25890,04-12-2018,Divyansha,Maharashtra,Mumbai
198,B-25814,10-10-2018,Swapnil,Madhya Pradesh,Indore
199,B-25718,12-07-2018,Anjali,Maharashtra,Mumbai
200,B-25914,18-12-2018,Kajal,Delhi,Delhi
201,B-25903,10-12-2018,Amlan,Madhya Pradesh,Indore
202,B-26096,28-03-2018,Atharv,West Bengal,Kolkata
203,B-25654,10-05-2018,Sabah,Maharashtra,Mumbai
204,B-26076,21-03-2018,Jahan,Madhya Pradesh,Bhopal
205,B-25961,18-01-2018,Surbhi,Gujarat,Ahmedabad
206,B-25854,08-11-2018,Shubham,Maharashtra,Pune
207,B-25642,28-04-2018,Ajay,Karnataka,Bangalore
208,B-25683,08-06-2018,Shreya,Kerala ,Thiruvananthapuram
209,B-26016,14-02-2018,Hazel,Karnataka,Bangalore
210,B-26034,23-02-2018,Vini,Karnataka,Bangalore
211,B-26056,10-03-2018,Sonal,Bihar,Patna
212,B-25819,15-10-2018,Ankur,Madhya Pradesh,Bhopal
213,B-25715,10-07-2018,Srishti,Jammu and Kashmir,Kashmir
214,B-25933,04-01-2018,Shikhar,Maharashtra,Mumbai
215,B-26014,13-02-2018,Divsha,Rajasthan,Jaipur
216,B-25655,11-05-2018,Nida,Madhya Pradesh,Indore
217,B-25816,12-10-2018,Mane,Andhra Pradesh,Hyderabad
218,B-25634,26-04-2018,Sanjay,Goa,Goa
219,B-25895,04-12-2018,Sathya,Gujarat,Surat
220,B-25687,11-06-2018,Sanjna,Maharashtra,Mumbai
221,B-25662,17-05-2018,Sweta,Maharashtra,Mumbai
222,B-25635,26-04-2018,Nidhi,Nagaland,Kohima
223,B-26060,13-03-2018,Chirag,Maharashtra,Mumbai
224,B-26045,03-03-2018,Nidhi,Nagaland,Kohima
225,B-25770,02-09-2018,Sakshi,Madhya Pradesh,Indore
226,B-25744,08-08-2018,Devendra,Andhra Pradesh,Hyderabad
227,B-25618,18-04-2018,Manju,Andhra Pradesh,Hyderabad
228,B-25958,18-01-2018,Aparajita,West Bengal,Kolkata
229,B-25769,02-09-2018,Surbhi,Maharashtra,Mumbai
230,B-25619,18-04-2018,Ramesh,Gujarat,Ahmedabad
231,B-25688,11-06-2018,Swetha,Madhya Pradesh,Indore
232,B-25829,25-10-2018,Apoorva,Haryana,Chandigarh
233,B-26036,23-02-2018,Bhishm,Maharashtra,Mumbai
234,B-25714,09-07-2018,Stuti,Karnataka,Bangalore
235,B-25989,01-02-2018,Anjali,Delhi,Delhi
236,B-25849,04-11-2018,K,Sikkim,Gangtok
237,B-25851,06-11-2018,Kushal,Nagaland,Kohima
238,B-25782,15-09-2018,Aayushi,Maharashtra,Mumbai
239,B-25621,20-04-2018,Deepak,Madhya Pradesh,Bhopal
240,B-25996,04-02-2018,Prashant,Delhi,Delhi
241,B-25678,03-06-2018,Bathina,Karnataka,Bangalore
242,B-25727,22-07-2018,Turumella,Madhya Pradesh,Indore
243,B-26018,14-02-2018,Aarushi,Tamil Nadu,Chennai
244,B-25760,24-08-2018,Pooja,Goa,Goa
245,B-25804,05-10-2018,Sudheer,Karnataka,Bangalore
246,B-25754,18-08-2018,Akshay,Bihar,Patna
247,B-26020,16-02-2018,Yogesh,Bihar,Patna
248,B-25640,27-04-2018,Paridhi,Rajasthan,Jaipur
249,B-25789,22-09-2018,Akshay,Uttar Pradesh,Lucknow
250,B-26072,20-03-2018,Sweta,Maharashtra,Mumbai
251,B-26007,09-02-2018,Shubham,Jammu and Kashmir,Kashmir
252,B-26087,26-03-2018,Vandana,Himachal Pradesh,Simla
253,B-25617,17-04-2018,Sagar,Nagaland,Kohima
254,B-25984,30-01-2018,Kajal,Delhi,Delhi
255,B-25767,31-08-2018,Ashmeet,West Bengal,Kolkata
256,B-25987,31-01-2018,Manjiri,Delhi,Delhi
257,B-25840,31-10-2018,Sneha,Karnataka,Bangalore
258,B-25663,19-05-2018,Pournamasi,Madhya Pradesh,Indore
259,B-26030,21-02-2018,Sarita,Maharashtra,Pune
260,B-25947,13-01-2018,Chetan,Gujarat,Ahmedabad
261,B-25896,05-12-2018,Aman,Maharashtra,Mumbai
262,B-26009,10-02-2018,Komal,Uttar Pradesh,Lucknow
263,B-25876,24-11-2018,Bhosale,Punjab,Amritsar
264,B-25915,19-12-2018,Sukruta,Punjab,Amritsar
265,B-25795,24-09-2018,Sukant,Sikkim,Gangtok
266,B-26002,08-02-2018,Harsh,Delhi,Delhi
267,B-25645,01-05-2018,Yaanvi,Madhya Pradesh,Indore
268,B-25837,29-10-2018,Palak,Maharashtra,Mumbai
269,B-25612,12-04-2018,Shrichand,Punjab,Chandigarh
270,B-25812,10-10-2018,Kshitij,Madhya Pradesh,Indore
271,B-25843,03-11-2018,Mrunal,Maharashtra,Mumbai
272,B-26026,19-02-2018,Kanak,Goa,Goa
273,B-25773,06-09-2018,Shreya,Kerala ,Thiruvananthapuram
274,B-25875,24-11-2018,Divyeshkumar,Uttar Pradesh,Prayagraj
275,B-25660,16-05-2018,Shruti,Karnataka,Bangalore
276,B-25918,22-12-2018,Karandeep,Madhya Pradesh,Indore
277,B-25971,22-01-2018,Mitali,Madhya Pradesh,Indore
278,B-26063,15-03-2018,Farah,Nagaland,Kohima
279,B-25867,17-11-2018,Ankit,Sikkim,Gangtok
280,B-25703,28-06-2018,Ekta,Madhya Pradesh,Indore
281,B-25661,17-05-2018,Subhashree,Jammu and Kashmir,Kashmir
282,B-25748,12-08-2018,Nitant,Rajasthan,Jaipur
283,B-25766,30-08-2018,Surabhi,Rajasthan,Jaipur
284,B-25861,15-11-2018,Aayush,Uttar Pradesh,Lucknow
285,B-26058,11-03-2018,Aditya,Punjab,Chandigarh
286,B-25808,08-10-2018,Apsingekar,Bihar,Patna
287,B-25900,09-12-2018,Anand,Punjab,Amritsar
288,B-26084,25-03-2018,Anita,Kerala ,Thiruvananthapuram
289,B-25652,08-05-2018,Tushina,Goa,Goa
290,B-26008,09-02-2018,Kalyani,Tamil Nadu,Chennai
291,B-25799,01-10-2018,Divyansh,Gujarat,Ahmedabad
292,B-25927,31-12-2018,Shreya,Uttar Pradesh,Lucknow
293,B-25985,31-01-2018,Ginny,Madhya Pradesh,Indore
294,B-25994,03-02-2018,Omkar,Delhi,Delhi
295,B-25620,20-04-2018,Sarita,Maharashtra,Pune
296,B-25712,07-07-2018,Adhvaita,Rajasthan,Jaipur
297,B-25976,25-01-2018,Piyam,Punjab,Amritsar
298,B-26068,16-03-2018,Shefali,Rajasthan,Jaipur
299,B-25721,16-07-2018,Anchal,Haryana,Chandigarh
300,B-25863,15-11-2018,Manibalan,Kerala ,Thiruvananthapuram
301,B-25991,03-02-2018,Mansi,Madhya Pradesh,Indore
302,B-25737,01-08-2018,Shubham,Madhya Pradesh,Indore
303,B-26043,01-03-2018,Amit,Sikkim,Gangtok
304,B-25977,27-01-2018,Aayushi,Gujarat,Surat
305,B-25908,12-12-2018,Pradeep,Delhi,Delhi
306,B-25941,07-01-2018,Jaideep,Nagaland,Kohima
307,B-25794,24-09-2018,Aditya,Himachal Pradesh,Simla
308,B-26041,27-02-2018,Ritu,Haryana,Chandigarh
309,B-25695,18-06-2018,Suhani,West Bengal,Kolkata
310,B-25960,18-01-2018,Shreya,Andhra Pradesh,Hyderabad
311,B-26037,23-02-2018,Hitika,Madhya Pradesh,Indore
312,B-25921,25-12-2018,Sandra,Punjab,Amritsar
313,B-25944,10-01-2018,Syed,Maharashtra,Pune
314,B-25724,19-07-2018,Sheetal,Madhya Pradesh,Indore
315,B-26024,19-02-2018,Vandana,Himachal Pradesh,Simla
316,B-25694,18-06-2018,Subhasmita,Rajasthan,Jaipur
317,B-25665,21-05-2018,Chayanika,Kerala ,Thiruvananthapuram
318,B-26004,08-02-2018,Nandita,Rajasthan,Jaipur
319,B-25611,11-04-2018,Anita,Kerala ,Thiruvananthapuram
320,B-25901,10-12-2018,Suraj,Gujarat,Surat
321,B-25623,22-04-2018,Atharv,West Bengal,Kolkata
322,B-25713,08-07-2018,Raksha,West Bengal,Kolkata
323,B-26091,27-03-2018,Manju,Andhra Pradesh,Hyderabad
324,B-25604,03-04-2018,Divsha,Rajasthan,Jaipur
325,B-25827,23-10-2018,Sheetal,Madhya Pradesh,Indore
326,B-25835,29-10-2018,Moumita,Gujarat,Ahmedabad
327,B-26025,19-02-2018,Bhavna,Sikkim,Gangtok
328,B-25809,09-10-2018,Suman,Kerala ,Thiruvananthapuram
329,B-25905,11-12-2018,Bhargav,Delhi,Delhi
330,B-25948,13-01-2018,Mukund,Maharashtra,Pune
331,B-26094,27-03-2018,Deepak,Madhya Pradesh,Bhopal
332,B-25949,13-01-2018,Shantanu,Maharashtra,Mumbai
333,B-26001,07-02-2018,Patil,Delhi,Delhi
334,B-25771,02-09-2018,Vaibhavi,Uttar Pradesh,Lucknow
335,B-25659,15-05-2018,Sanskriti,West Bengal,Kolkata
336,B-25924,28-12-2018,Prajakta,Karnataka,Bangalore
337,B-25883,27-11-2018,Saptadeep,Gujarat,Surat
338,B-25946,12-01-2018,Saurabh,Andhra Pradesh,Hyderabad
339,B-26065,16-03-2018,Nida,Madhya Pradesh,Indore
340,B-26083,24-03-2018,Yogesh,Bihar,Patna
341,B-25725,20-07-2018,Anisha,Nagaland,Kohima
342,B-25630,24-04-2018,Sahil,Punjab,Chandigarh
343,B-25673,28-05-2018,Arsheen,Gujarat,Ahmedabad
344,B-25692,17-06-2018,Rashmi,Madhya Pradesh,Indore
345,B-25992,03-02-2018,Gaurav,Rajasthan,Udaipur
346,B-25765,29-08-2018,Meghana,Madhya Pradesh,Bhopal
347,B-25892,04-12-2018,Aditi,Rajasthan,Udaipur
348,B-26089,26-03-2018,Kanak,Goa,Goa
349,B-25780,13-09-2018,Teena,Andhra Pradesh,Hyderabad
350,B-25684,09-06-2018,Samiksha,Maharashtra,Mumbai
351,B-25739,03-08-2018,Daksh,Haryana,Chandigarh
352,B-25731,26-07-2018,Akash,West Bengal,Kolkata
353,B-25648,04-05-2018,Aditya,Punjab,Chandigarh
354,B-26038,24-02-2018,Pooja,Bihar,Patna
355,B-25700,25-06-2018,Shubhi,Maharashtra,Mumbai
356,B-26015,14-02-2018,Kasheen,West Bengal,Kolkata
357,B-25704,29-06-2018,Riya,Maharashtra,Mumbai
358,B-25811,10-10-2018,Utsav,Maharashtra,Mumbai
359,B-25821,16-10-2018,Ajay,West Bengal,Kolkata
360,B-25874,24-11-2018,Megha,Rajasthan,Udaipur
361,B-25668,24-05-2018,Rhea,Himachal Pradesh,Simla
362,B-25800,01-10-2018,Ishit,Maharashtra,Pune
363,B-25928,01-01-2018,Smriti,Bihar,Patna
364,B-26021,17-02-2018,Anita,Kerala ,Thiruvananthapuram
365,B-26064,16-03-2018,Ankita,Maharashtra,Mumbai
366,B-25882,26-11-2018,Masurkar,Punjab,Amritsar
367,B-25891,04-12-2018,Shivani,Madhya Pradesh,Indore
368,B-25820,16-10-2018,Dheeraj,Rajasthan,Jaipur
369,B-25889,03-12-2018,Abhishek,Gujarat,Surat
370,B-25871,21-11-2018,Gunjal,Gujarat,Surat
371,B-25637,26-04-2018,Ashmi,Madhya Pradesh,Indore
372,B-25616,15-04-2018,Kanak,Goa,Goa
373,B-25972,23-01-2018,Jesslyn,Rajasthan,Udaipur
374,B-25805,05-10-2018,Ankit,Maharashtra,Mumbai
375,B-25860,15-11-2018,Akshay,Tamil Nadu,Chennai
376,B-26080,22-03-2018,Sonakshi,Jammu and Kashmir,Kashmir
377,B-25807,07-10-2018,Vipul,Uttar Pradesh,Lucknow
378,B-25734,29-07-2018,Pranav,Madhya Pradesh,Indore
379,B-25880,24-11-2018,Apoorv,Rajasthan,Udaipur
380,B-25934,04-01-2018,Rahul,Madhya Pradesh,Indore
381,B-25913,17-12-2018,Geetanjali,Delhi,Delhi
382,B-25912,16-12-2018,Preksha,Delhi,Delhi
383,B-25824,20-10-2018,Shyam,Madhya Pradesh,Indore
384,B-25711,06-07-2018,Sakshi,Madhya Pradesh,Bhopal
385,B-25864,15-11-2018,Aromal,Maharashtra,Mumbai
386,B-25917,21-12-2018,Sanjay,Maharashtra,Mumbai
387,B-26049,05-03-2018,Lisha,Madhya Pradesh,Bhopal
388,B-25920,24-12-2018,Jayanti,Uttar Pradesh,Prayagraj
389,B-25699,24-06-2018,Kritika,Uttar Pradesh,Lucknow
390,B-25735,30-07-2018,Arindam,Uttar Pradesh,Lucknow
391,B-25701,26-06-2018,Maithilee,Madhya Pradesh,Indore
392,B-26092,27-03-2018,Ramesh,Gujarat,Ahmedabad
393,B-26082,23-03-2018,Jitesh,Uttar Pradesh,Lucknow
394,B-25818,14-10-2018,Sandeep,Madhya Pradesh,Indore
395,B-25846,03-11-2018,Soodesh,Punjab,Chandigarh
396,B-26011,12-02-2018,Bharat,Gujarat,Ahmedabad
397,B-25631,24-04-2018,Ritu,Haryana,Chandigarh
398,B-25606,06-04-2018,Hazel,Karnataka,Bangalore
399,B-25746,10-08-2018,Shivam,Maharashtra,Pune
400,B-26005,08-02-2018,Parnavi,West Bengal,Kolkata
401,B-25844,03-11-2018,Swati,Madhya Pradesh,Indore
402,B-25869,19-11-2018,Parakh,Nagaland,Kohima
403,B-26066,16-03-2018,Priyanka,Maharashtra,Pune
404,B-25865,15-11-2018,Arun,Madhya Pradesh,Indore
405,B-26039,25-02-2018,Hemant,Kerala ,Thiruvananthapuram
406,B-25916,20-12-2018,Utkarsh,Gujarat,Surat
407,B-26090,27-03-2018,Sagar,Nagaland,Kohima
408,B-25988,31-01-2018,Nirja,Delhi,Delhi
409,B-25906,11-12-2018,Abhijit,Delhi,Delhi
410,B-26017,14-02-2018,Sonakshi,Jammu and Kashmir,Kashmir
411,B-25644,30-04-2018,Mayank,Maharashtra,Mumbai
412,B-25679,04-06-2018,Avni,Maharashtra,Mumbai
413,B-25723,18-07-2018,Wale,Maharashtra,Mumbai
414,B-25605,05-04-2018,Kasheen,West Bengal,Kolkata
415,B-25792,24-09-2018,Abhishek,Maharashtra,Mumbai
416,B-25680,04-06-2018,Aayushi,Madhya Pradesh,Indore
417,B-25931,04-01-2018,Sidharth,Maharashtra,Mumbai
418,B-25932,04-01-2018,Bhutekar,Madhya Pradesh,Indore
419,B-25990,02-02-2018,Mugdha,Delhi,Delhi
420,B-25615,15-04-2018,Bhavna,Sikkim,Gangtok
421,B-26031,22-02-2018,Deepak,Madhya Pradesh,Bhopal
422,B-25801,01-10-2018,Aryan,Madhya Pradesh,Bhopal
423,B-25833,29-10-2018,Krishna,Madhya Pradesh,Indore
424,B-26077,22-03-2018,Divsha,Rajasthan,Jaipur
425,B-25936,05-01-2018,Nikhil,Punjab,Chandigarh
426,B-25938,05-01-2018,Shikhar,Himachal Pradesh,Simla
427,B-25716,11-07-2018,Surabhi,Tamil Nadu,Chennai
428,B-25740,03-08-2018,Rane,Maharashtra,Mumbai
429,B-25763,27-08-2018,Noshiba,Gujarat,Ahmedabad
430,B-25872,22-11-2018,Saurabh,Maharashtra,Mumbai
431,B-25879,24-11-2018,Siddharth,Madhya Pradesh,Indore
432,B-25926,30-12-2018,Dipali,Madhya Pradesh,Indore
433,B-26074,21-03-2018,Bharat,Gujarat,Ahmedabad
434,B-25627,23-04-2018,Hitika,Madhya Pradesh,Indore
435,B-25940,06-01-2018,Vivek,Goa,Goa
436,B-26047,04-03-2018,Ashmi,Madhya Pradesh,Indore
437,B-26069,17-03-2018,Sanskriti,West Bengal,Kolkata
438,B-26027,20-02-2018,Sagar,Nagaland,Kohima
439,B-25963,19-01-2018,Pratiksha,Maharashtra,Mumbai
440,B-25922,26-12-2018,Akshata,Gujarat,Surat
441,B-25866,16-11-2018,Komal,Himachal Pradesh,Simla
442,B-25607,06-04-2018,Sonakshi,Jammu and Kashmir,Kashmir
443,B-25775,08-09-2018,Duhita,Haryana,Chandigarh
444,B-25998,04-02-2018,Anmol,Rajasthan,Udaipur
445,B-26062,15-03-2018,Tushina,Goa,Goa
446,B-25722,17-07-2018,Inderpreet,Himachal Pradesh,Simla
447,B-25776,09-09-2018,Mousam,Maharashtra,Mumbai
448,B-26032,22-02-2018,Monisha,Rajasthan,Jaipur
449,B-25705,30-06-2018,Shweta,Madhya Pradesh,Indore
450,B-25628,24-04-2018,Pooja,Bihar,Patna
451,B-25733,28-07-2018,Dhirajendu,Maharashtra,Mumbai
452,B-25647,03-05-2018,Sharda,Kerala ,Thiruvananthapuram
453,B-25790,23-09-2018,Sajal,Bihar,Patna
454,B-25709,01-07-2018,Aakanksha,Madhya Pradesh,Indore
455,B-25911,15-12-2018,Phalguni,Madhya Pradesh,Bhopal
456,B-25774,07-09-2018,Snehal,Punjab,Chandigarh
457,B-26042,28-02-2018,Manish,Himachal Pradesh,Simla
458,B-25815,10-10-2018,Harsh,Nagaland,Kohima
459,B-25822,18-10-2018,Tejas,Karnataka,Bangalore
460,B-26075,21-03-2018,Pearl,Maharashtra,Pune
461,B-25783,15-09-2018,Shivangi,Madhya Pradesh,Indore
462,B-26046,04-03-2018,Nishi,Maharashtra,Mumbai
463,B-25690,15-06-2018,Gunjan,Madhya Pradesh,Indore
464,B-25706,01-07-2018,Swetlana,Goa,Goa
465,B-25736,31-07-2018,Akshat,Maharashtra,Mumbai
466,B-25720,15-07-2018,Namrata,Punjab,Chandigarh
467,B-25907,11-12-2018,Jaydeep,Madhya Pradesh,Bhopal
468,B-25719,12-07-2018,Rashmi,Madhya Pradesh,Indore
469,B-26013,13-02-2018,Jahan,Madhya Pradesh,Bhopal
470,B-26044,02-03-2018,Sanjay,Goa,Goa
471,B-25649,05-05-2018,Rachna,Haryana,Chandigarh
472,B-25658,14-05-2018,Shefali,Rajasthan,Jaipur
473,B-25672,28-05-2018,Akanksha,Andhra Pradesh,Hyderabad
474,B-25624,22-04-2018,Vini,Karnataka,Bangalore
475,B-25884,28-11-2018,Sumeet,Maharashtra,Mumbai
476,B-25641,27-04-2018,Parishi,West Bengal,Kolkata
477,B-25841,01-11-2018,Ashvini,Maharashtra,Mumbai
478,B-25980,27-01-2018,Shweta,Rajasthan,Udaipur
479,B-26012,13-02-2018,Pearl,Maharashtra,Pune
480,B-26029,20-02-2018,Ramesh,Gujarat,Ahmedabad
481,B-26071,19-03-2018,Subhashree,Jammu and Kashmir,Kashmir
482,B-25646,01-05-2018,Sonal,Bihar,Patna
483,B-25677,02-06-2018,Ekta,West Bengal,Kolkata
484,B-25759,23-08-2018,Soumya,Sikkim,Gangtok
485,B-26059,12-03-2018,Rachna,Haryana,Chandigarh
486,B-25632,25-04-2018,Manish,Himachal Pradesh,Simla
487,B-26079,22-03-2018,Hazel,Karnataka,Bangalore
488,B-25674,28-05-2018,Mahima,Maharashtra,Pune
489,B-25965,21-01-2018,Saloni,West Bengal,Kolkata
490,B-25732,27-07-2018,Anubhaw,Karnataka,Bangalore
491,B-25834,29-10-2018,Ananya,Andhra Pradesh,Hyderabad
492,B-25784,15-09-2018,Rohit,Rajasthan,Jaipur
493,B-25982,29-01-2018,Hemangi,Delhi,Delhi
494,B-25788,21-09-2018,Dinesh,Tamil Nadu,Chennai
495,B-25742,03-08-2018,Ashwin,Goa,Goa
496,B-26088,26-03-2018,Bhavna,Sikkim,Gangtok
497,B-25707,01-07-2018,Shivani,Maharashtra,Mumbai
498,B-25758,22-08-2018,Shubham,Himachal Pradesh,Simla
499,B-26095,28-03-2018,Monisha,Rajasthan,Jaipur
